pair_id,logical_law,category_id,semantic_dimension,image_A_path,image_B_path,clip_A,clip_B,clip_mean,clip_diff,image_similarity
comm_conj_001,Commutative,1,Conjunctive,/content/drive/MyDrive/Trustworthy-AI-Final/Images_xl_base/Commutative/1/Conjunctive/comm_conj_001_A.png,/content/drive/MyDrive/Trustworthy-AI-Final/Images_xl_base/Commutative/1/Conjunctive/comm_conj_001_B.png,34.53583526611328,35.53678512573242,35.03631019592285,1.0009498596191406,91.15252494812012
comm_conj_002,Commutative,1,Conjunctive,/content/drive/MyDrive/Trustworthy-AI-Final/Images_xl_base/Commutative/1/Conjunctive/comm_conj_002_A.png,/content/drive/MyDrive/Trustworthy-AI-Final/Images_xl_base/Commutative/1/Conjunctive/comm_conj_002_B.png,37.80624771118164,35.4473762512207,36.62681198120117,2.3588714599609375,82.21997022628784
comm_conj_003,Commutative,1,Conjunctive,/content/drive/MyDrive/Trustworthy-AI-Final/Images_xl_base/Commutative/1/Conjunctive/comm_conj_003_A.png,/content/drive/MyDrive/Trustworthy-AI-Final/Images_xl_base/Commutative/1/Conjunctive/comm_conj_003_B.png,39.628421783447266,39.93871307373047,39.78356742858887,0.3102912902832031,92.167729139328
comm_conj_004,Commutative,1,Conjunctive,/content/drive/MyDrive/Trustworthy-AI-Final/Images_xl_base/Commutative/1/Conjunctive/comm_conj_004_A.png,/content/drive/MyDrive/Trustworthy-AI-Final/Images_xl_base/Commutative/1/Conjunctive/comm_conj_004_B.png,38.387691497802734,37.8964958190918,38.142093658447266,0.4911956787109375,80.4254412651062
comm_conj_005,Commutative,1,Conjunctive,/content/drive/MyDrive/Trustworthy-AI-Final/Images_xl_base/Commutative/1/Conjunctive/comm_conj_005_A.png,/content/drive/MyDrive/Trustworthy-AI-Final/Images_xl_base/Commutative/1/Conjunctive/comm_conj_005_B.png,33.739418029785156,39.5555419921875,36.64748001098633,5.816123962402344,78.07070016860962
comm_horiz_001,Commutative,2,Horizontal,/content/drive/MyDrive/Trustworthy-AI-Final/Images_xl_base/Commutative/2/Horizontal/comm_horiz_001_A.png,/content/drive/MyDrive/Trustworthy-AI-Final/Images_xl_base/Commutative/2/Horizontal/comm_horiz_001_B.png,39.54912567138672,37.410823822021484,38.4799747467041,2.1383018493652344,89.65590000152588
comm_horiz_002,Commutative,2,Horizontal,/content/drive/MyDrive/Trustworthy-AI-Final/Images_xl_base/Commutative/2/Horizontal/comm_horiz_002_A.png,/content/drive/MyDrive/Trustworthy-AI-Final/Images_xl_base/Commutative/2/Horizontal/comm_horiz_002_B.png,38.126678466796875,36.679718017578125,37.4031982421875,1.44696044921875,95.9227204322815
comm_horiz_003,Commutative,2,Horizontal,/content/drive/MyDrive/Trustworthy-AI-Final/Images_xl_base/Commutative/2/Horizontal/comm_horiz_003_A.png,/content/drive/MyDrive/Trustworthy-AI-Final/Images_xl_base/Commutative/2/Horizontal/comm_horiz_003_B.png,35.32475662231445,32.674556732177734,33.999656677246094,2.6501998901367188,85.19632816314697
comm_horiz_004,Commutative,2,Horizontal,/content/drive/MyDrive/Trustworthy-AI-Final/Images_xl_base/Commutative/2/Horizontal/comm_horiz_004_A.png,/content/drive/MyDrive/Trustworthy-AI-Final/Images_xl_base/Commutative/2/Horizontal/comm_horiz_004_B.png,34.296119689941406,31.71298599243164,33.00455284118652,2.5831336975097656,92.22858548164368
comm_horiz_005,Commutative,2,Horizontal,/content/drive/MyDrive/Trustworthy-AI-Final/Images_xl_base/Commutative/2/Horizontal/comm_horiz_005_A.png,/content/drive/MyDrive/Trustworthy-AI-Final/Images_xl_base/Commutative/2/Horizontal/comm_horiz_005_B.png,35.71467590332031,37.181278228759766,36.44797706604004,1.4666023254394531,93.44629645347595
comm_vert_001,Commutative,3,Vertical,/content/drive/MyDrive/Trustworthy-AI-Final/Images_xl_base/Commutative/3/Vertical/comm_vert_001_A.png,/content/drive/MyDrive/Trustworthy-AI-Final/Images_xl_base/Commutative/3/Vertical/comm_vert_001_B.png,35.891727447509766,41.51612091064453,38.70392417907715,5.624393463134766,74.4175136089325
comm_vert_002,Commutative,3,Vertical,/content/drive/MyDrive/Trustworthy-AI-Final/Images_xl_base/Commutative/3/Vertical/comm_vert_002_A.png,/content/drive/MyDrive/Trustworthy-AI-Final/Images_xl_base/Commutative/3/Vertical/comm_vert_002_B.png,36.43972396850586,39.12741470336914,37.7835693359375,2.6876907348632812,92.18615889549255
comm_vert_003,Commutative,3,Vertical,/content/drive/MyDrive/Trustworthy-AI-Final/Images_xl_base/Commutative/3/Vertical/comm_vert_003_A.png,/content/drive/MyDrive/Trustworthy-AI-Final/Images_xl_base/Commutative/3/Vertical/comm_vert_003_B.png,35.86066436767578,32.8203010559082,34.34048271179199,3.040363311767578,93.39331388473511
comm_vert_004,Commutative,3,Vertical,/content/drive/MyDrive/Trustworthy-AI-Final/Images_xl_base/Commutative/3/Vertical/comm_vert_004_A.png,/content/drive/MyDrive/Trustworthy-AI-Final/Images_xl_base/Commutative/3/Vertical/comm_vert_004_B.png,39.9121208190918,41.24003601074219,40.57607841491699,1.3279151916503906,77.61175632476807
comm_vert_005,Commutative,3,Vertical,/content/drive/MyDrive/Trustworthy-AI-Final/Images_xl_base/Commutative/3/Vertical/comm_vert_005_A.png,/content/drive/MyDrive/Trustworthy-AI-Final/Images_xl_base/Commutative/3/Vertical/comm_vert_005_B.png,39.7996826171875,37.936763763427734,38.86822319030762,1.8629188537597656,77.41446495056152
comm_attr_001,Commutative,4,Attributes,/content/drive/MyDrive/Trustworthy-AI-Final/Images_xl_base/Commutative/4/Attributes/comm_attr_001_A.png,/content/drive/MyDrive/Trustworthy-AI-Final/Images_xl_base/Commutative/4/Attributes/comm_attr_001_B.png,34.733890533447266,31.26022720336914,32.9970588684082,3.473663330078125,89.755117893219
comm_attr_002,Commutative,4,Attributes,/content/drive/MyDrive/Trustworthy-AI-Final/Images_xl_base/Commutative/4/Attributes/comm_attr_002_A.png,/content/drive/MyDrive/Trustworthy-AI-Final/Images_xl_base/Commutative/4/Attributes/comm_attr_002_B.png,31.41609764099121,32.79635238647461,32.10622501373291,1.3802547454833984,97.93983697891235
comm_attr_003,Commutative,4,Attributes,/content/drive/MyDrive/Trustworthy-AI-Final/Images_xl_base/Commutative/4/Attributes/comm_attr_003_A.png,/content/drive/MyDrive/Trustworthy-AI-Final/Images_xl_base/Commutative/4/Attributes/comm_attr_003_B.png,33.807857513427734,35.422237396240234,34.615047454833984,1.6143798828125,93.5506284236908
comm_attr_004,Commutative,4,Attributes,/content/drive/MyDrive/Trustworthy-AI-Final/Images_xl_base/Commutative/4/Attributes/comm_attr_004_A.png,/content/drive/MyDrive/Trustworthy-AI-Final/Images_xl_base/Commutative/4/Attributes/comm_attr_004_B.png,35.18428039550781,34.87954330444336,35.031911849975586,0.3047370910644531,83.1889808177948
comm_attr_005,Commutative,4,Attributes,/content/drive/MyDrive/Trustworthy-AI-Final/Images_xl_base/Commutative/4/Attributes/comm_attr_005_A.png,/content/drive/MyDrive/Trustworthy-AI-Final/Images_xl_base/Commutative/4/Attributes/comm_attr_005_B.png,30.137104034423828,33.096046447753906,31.616575241088867,2.958942413330078,87.49221563339233
assoc_conj_001,Associative,5,Conjunctive,/content/drive/MyDrive/Trustworthy-AI-Final/Images_xl_base/Associative/5/Conjunctive/assoc_conj_001_A.png,/content/drive/MyDrive/Trustworthy-AI-Final/Images_xl_base/Associative/5/Conjunctive/assoc_conj_001_B.png,34.08236312866211,36.33232116699219,35.20734214782715,2.249958038330078,86.61054968833923
assoc_conj_002,Associative,5,Conjunctive,/content/drive/MyDrive/Trustworthy-AI-Final/Images_xl_base/Associative/5/Conjunctive/assoc_conj_002_A.png,/content/drive/MyDrive/Trustworthy-AI-Final/Images_xl_base/Associative/5/Conjunctive/assoc_conj_002_B.png,35.239662170410156,34.64225387573242,34.94095802307129,0.5974082946777344,86.25004291534424
assoc_conj_003,Associative,5,Conjunctive,/content/drive/MyDrive/Trustworthy-AI-Final/Images_xl_base/Associative/5/Conjunctive/assoc_conj_003_A.png,/content/drive/MyDrive/Trustworthy-AI-Final/Images_xl_base/Associative/5/Conjunctive/assoc_conj_003_B.png,38.5279655456543,33.44279098510742,35.98537826538086,5.085174560546875,78.02780866622925
assoc_conj_004,Associative,5,Conjunctive,/content/drive/MyDrive/Trustworthy-AI-Final/Images_xl_base/Associative/5/Conjunctive/assoc_conj_004_A.png,/content/drive/MyDrive/Trustworthy-AI-Final/Images_xl_base/Associative/5/Conjunctive/assoc_conj_004_B.png,39.39409637451172,41.174583435058594,40.284339904785156,1.780487060546875,89.742511510849
assoc_conj_005,Associative,5,Conjunctive,/content/drive/MyDrive/Trustworthy-AI-Final/Images_xl_base/Associative/5/Conjunctive/assoc_conj_005_A.png,/content/drive/MyDrive/Trustworthy-AI-Final/Images_xl_base/Associative/5/Conjunctive/assoc_conj_005_B.png,39.989986419677734,38.319923400878906,39.15495491027832,1.6700630187988281,79.56712245941162
assoc_horiz_001,Associative,6,Horizontal,/content/drive/MyDrive/Trustworthy-AI-Final/Images_xl_base/Associative/6/Horizontal/assoc_horiz_001_A.png,/content/drive/MyDrive/Trustworthy-AI-Final/Images_xl_base/Associative/6/Horizontal/assoc_horiz_001_B.png,37.50448989868164,38.082576751708984,37.79353332519531,0.5780868530273438,82.54553079605103
assoc_horiz_002,Associative,6,Horizontal,/content/drive/MyDrive/Trustworthy-AI-Final/Images_xl_base/Associative/6/Horizontal/assoc_horiz_002_A.png,/content/drive/MyDrive/Trustworthy-AI-Final/Images_xl_base/Associative/6/Horizontal/assoc_horiz_002_B.png,36.51239776611328,39.285682678222656,37.89904022216797,2.773284912109375,73.9952802658081
assoc_horiz_003,Associative,6,Horizontal,/content/drive/MyDrive/Trustworthy-AI-Final/Images_xl_base/Associative/6/Horizontal/assoc_horiz_003_A.png,/content/drive/MyDrive/Trustworthy-AI-Final/Images_xl_base/Associative/6/Horizontal/assoc_horiz_003_B.png,36.84423065185547,29.5584774017334,33.201354026794434,7.28575325012207,63.99061679840088
assoc_horiz_004,Associative,6,Horizontal,/content/drive/MyDrive/Trustworthy-AI-Final/Images_xl_base/Associative/6/Horizontal/assoc_horiz_004_A.png,/content/drive/MyDrive/Trustworthy-AI-Final/Images_xl_base/Associative/6/Horizontal/assoc_horiz_004_B.png,41.24243927001953,37.87063217163086,39.556535720825195,3.371807098388672,80.7988703250885
assoc_horiz_005,Associative,6,Horizontal,/content/drive/MyDrive/Trustworthy-AI-Final/Images_xl_base/Associative/6/Horizontal/assoc_horiz_005_A.png,/content/drive/MyDrive/Trustworthy-AI-Final/Images_xl_base/Associative/6/Horizontal/assoc_horiz_005_B.png,33.180118560791016,34.71907424926758,33.9495964050293,1.5389556884765625,83.2293450832367
assoc_vert_001,Associative,7,Vertical,/content/drive/MyDrive/Trustworthy-AI-Final/Images_xl_base/Associative/7/Vertical/assoc_vert_001_A.png,/content/drive/MyDrive/Trustworthy-AI-Final/Images_xl_base/Associative/7/Vertical/assoc_vert_001_B.png,37.484474182128906,35.5086669921875,36.4965705871582,1.9758071899414062,74.23779368400574
assoc_vert_002,Associative,7,Vertical,/content/drive/MyDrive/Trustworthy-AI-Final/Images_xl_base/Associative/7/Vertical/assoc_vert_002_A.png,/content/drive/MyDrive/Trustworthy-AI-Final/Images_xl_base/Associative/7/Vertical/assoc_vert_002_B.png,36.80659103393555,34.173763275146484,35.490177154541016,2.6328277587890625,77.47698426246643
assoc_vert_003,Associative,7,Vertical,/content/drive/MyDrive/Trustworthy-AI-Final/Images_xl_base/Associative/7/Vertical/assoc_vert_003_A.png,/content/drive/MyDrive/Trustworthy-AI-Final/Images_xl_base/Associative/7/Vertical/assoc_vert_003_B.png,36.08948516845703,30.74488639831543,33.41718578338623,5.344598770141602,85.65844893455505
assoc_vert_004,Associative,7,Vertical,/content/drive/MyDrive/Trustworthy-AI-Final/Images_xl_base/Associative/7/Vertical/assoc_vert_004_A.png,/content/drive/MyDrive/Trustworthy-AI-Final/Images_xl_base/Associative/7/Vertical/assoc_vert_004_B.png,37.095787048339844,37.12491226196289,37.11034965515137,0.029125213623046875,84.38231945037842
assoc_vert_005,Associative,7,Vertical,/content/drive/MyDrive/Trustworthy-AI-Final/Images_xl_base/Associative/7/Vertical/assoc_vert_005_A.png,/content/drive/MyDrive/Trustworthy-AI-Final/Images_xl_base/Associative/7/Vertical/assoc_vert_005_B.png,33.83720397949219,29.688743591308594,31.76297378540039,4.148460388183594,74.09915924072266
assoc_attr_001,Associative,8,Attributes,/content/drive/MyDrive/Trustworthy-AI-Final/Images_xl_base/Associative/8/Attributes/assoc_attr_001_A.png,/content/drive/MyDrive/Trustworthy-AI-Final/Images_xl_base/Associative/8/Attributes/assoc_attr_001_B.png,30.281049728393555,29.125919342041016,29.703484535217285,1.155130386352539,97.66882658004761
assoc_attr_002,Associative,8,Attributes,/content/drive/MyDrive/Trustworthy-AI-Final/Images_xl_base/Associative/8/Attributes/assoc_attr_002_A.png,/content/drive/MyDrive/Trustworthy-AI-Final/Images_xl_base/Associative/8/Attributes/assoc_attr_002_B.png,37.34601593017578,35.72756576538086,36.53679084777832,1.6184501647949219,82.27521777153015
assoc_attr_003,Associative,8,Attributes,/content/drive/MyDrive/Trustworthy-AI-Final/Images_xl_base/Associative/8/Attributes/assoc_attr_003_A.png,/content/drive/MyDrive/Trustworthy-AI-Final/Images_xl_base/Associative/8/Attributes/assoc_attr_003_B.png,41.16600799560547,38.85225296020508,40.00913047790527,2.3137550354003906,84.34199690818787
assoc_attr_004,Associative,8,Attributes,/content/drive/MyDrive/Trustworthy-AI-Final/Images_xl_base/Associative/8/Attributes/assoc_attr_004_A.png,/content/drive/MyDrive/Trustworthy-AI-Final/Images_xl_base/Associative/8/Attributes/assoc_attr_004_B.png,31.535715103149414,32.01597213745117,31.775843620300293,0.4802570343017578,78.82769703865051
assoc_attr_005,Associative,8,Attributes,/content/drive/MyDrive/Trustworthy-AI-Final/Images_xl_base/Associative/8/Attributes/assoc_attr_005_A.png,/content/drive/MyDrive/Trustworthy-AI-Final/Images_xl_base/Associative/8/Attributes/assoc_attr_005_B.png,33.061195373535156,35.09526824951172,34.07823181152344,2.0340728759765625,68.95309686660767
dist_conj_001,Distributive,9,Conjunctive,/content/drive/MyDrive/Trustworthy-AI-Final/Images_xl_base/Distributive/9/Conjunctive/dist_conj_001_A.png,/content/drive/MyDrive/Trustworthy-AI-Final/Images_xl_base/Distributive/9/Conjunctive/dist_conj_001_B.png,36.12333679199219,35.420494079589844,35.771915435791016,0.7028427124023438,81.98508024215698
dist_conj_002,Distributive,9,Conjunctive,/content/drive/MyDrive/Trustworthy-AI-Final/Images_xl_base/Distributive/9/Conjunctive/dist_conj_002_A.png,/content/drive/MyDrive/Trustworthy-AI-Final/Images_xl_base/Distributive/9/Conjunctive/dist_conj_002_B.png,40.768455505371094,35.07416534423828,37.92131042480469,5.6942901611328125,85.83256006240845
dist_conj_003,Distributive,9,Conjunctive,/content/drive/MyDrive/Trustworthy-AI-Final/Images_xl_base/Distributive/9/Conjunctive/dist_conj_003_A.png,/content/drive/MyDrive/Trustworthy-AI-Final/Images_xl_base/Distributive/9/Conjunctive/dist_conj_003_B.png,41.382240295410156,32.88949966430664,37.1358699798584,8.492740631103516,74.16136264801025
dist_conj_004,Distributive,9,Conjunctive,/content/drive/MyDrive/Trustworthy-AI-Final/Images_xl_base/Distributive/9/Conjunctive/dist_conj_004_A.png,/content/drive/MyDrive/Trustworthy-AI-Final/Images_xl_base/Distributive/9/Conjunctive/dist_conj_004_B.png,32.10214614868164,32.78546142578125,32.443803787231445,0.6833152770996094,93.52700114250183
dist_conj_005,Distributive,9,Conjunctive,/content/drive/MyDrive/Trustworthy-AI-Final/Images_xl_base/Distributive/9/Conjunctive/dist_conj_005_A.png,/content/drive/MyDrive/Trustworthy-AI-Final/Images_xl_base/Distributive/9/Conjunctive/dist_conj_005_B.png,35.58189392089844,33.498817443847656,34.54035568237305,2.0830764770507812,76.17741823196411
dist_horiz_001,Distributive,10,Horizontal,/content/drive/MyDrive/Trustworthy-AI-Final/Images_xl_base/Distributive/10/Horizontal/dist_horiz_001_A.png,/content/drive/MyDrive/Trustworthy-AI-Final/Images_xl_base/Distributive/10/Horizontal/dist_horiz_001_B.png,38.36552429199219,37.00821304321289,37.68686866760254,1.3573112487792969,83.90452265739441
dist_horiz_002,Distributive,10,Horizontal,/content/drive/MyDrive/Trustworthy-AI-Final/Images_xl_base/Distributive/10/Horizontal/dist_horiz_002_A.png,/content/drive/MyDrive/Trustworthy-AI-Final/Images_xl_base/Distributive/10/Horizontal/dist_horiz_002_B.png,33.994598388671875,35.079429626464844,34.53701400756836,1.0848312377929688,78.58415842056274
dist_horiz_003,Distributive,10,Horizontal,/content/drive/MyDrive/Trustworthy-AI-Final/Images_xl_base/Distributive/10/Horizontal/dist_horiz_003_A.png,/content/drive/MyDrive/Trustworthy-AI-Final/Images_xl_base/Distributive/10/Horizontal/dist_horiz_003_B.png,35.50469970703125,34.19086837768555,34.8477840423584,1.3138313293457031,75.88727474212646
dist_horiz_004,Distributive,10,Horizontal,/content/drive/MyDrive/Trustworthy-AI-Final/Images_xl_base/Distributive/10/Horizontal/dist_horiz_004_A.png,/content/drive/MyDrive/Trustworthy-AI-Final/Images_xl_base/Distributive/10/Horizontal/dist_horiz_004_B.png,36.465972900390625,31.659841537475586,34.062907218933105,4.806131362915039,76.57702565193176
dist_horiz_005,Distributive,10,Horizontal,/content/drive/MyDrive/Trustworthy-AI-Final/Images_xl_base/Distributive/10/Horizontal/dist_horiz_005_A.png,/content/drive/MyDrive/Trustworthy-AI-Final/Images_xl_base/Distributive/10/Horizontal/dist_horiz_005_B.png,34.971717834472656,33.462669372558594,34.217193603515625,1.5090484619140625,80.09300827980042
dist_vert_001,Distributive,11,Vertical,/content/drive/MyDrive/Trustworthy-AI-Final/Images_xl_base/Distributive/11/Vertical/dist_vert_001_A.png,/content/drive/MyDrive/Trustworthy-AI-Final/Images_xl_base/Distributive/11/Vertical/dist_vert_001_B.png,36.41464614868164,33.087032318115234,34.75083923339844,3.3276138305664062,73.17084670066833
dist_vert_002,Distributive,11,Vertical,/content/drive/MyDrive/Trustworthy-AI-Final/Images_xl_base/Distributive/11/Vertical/dist_vert_002_A.png,/content/drive/MyDrive/Trustworthy-AI-Final/Images_xl_base/Distributive/11/Vertical/dist_vert_002_B.png,36.116973876953125,34.628196716308594,35.37258529663086,1.4887771606445312,85.99172234535217
dist_vert_003,Distributive,11,Vertical,/content/drive/MyDrive/Trustworthy-AI-Final/Images_xl_base/Distributive/11/Vertical/dist_vert_003_A.png,/content/drive/MyDrive/Trustworthy-AI-Final/Images_xl_base/Distributive/11/Vertical/dist_vert_003_B.png,36.490089416503906,35.575721740722656,36.03290557861328,0.91436767578125,94.45924758911133
dist_vert_004,Distributive,11,Vertical,/content/drive/MyDrive/Trustworthy-AI-Final/Images_xl_base/Distributive/11/Vertical/dist_vert_004_A.png,/content/drive/MyDrive/Trustworthy-AI-Final/Images_xl_base/Distributive/11/Vertical/dist_vert_004_B.png,30.318763732910156,32.72626876831055,31.52251625061035,2.4075050354003906,82.79284834861755
dist_vert_005,Distributive,11,Vertical,/content/drive/MyDrive/Trustworthy-AI-Final/Images_xl_base/Distributive/11/Vertical/dist_vert_005_A.png,/content/drive/MyDrive/Trustworthy-AI-Final/Images_xl_base/Distributive/11/Vertical/dist_vert_005_B.png,40.154972076416016,38.386940002441406,39.27095603942871,1.7680320739746094,93.49526762962341
dist_attr_001,Distributive,12,Attributes,/content/drive/MyDrive/Trustworthy-AI-Final/Images_xl_base/Distributive/12/Attributes/dist_attr_001_A.png,/content/drive/MyDrive/Trustworthy-AI-Final/Images_xl_base/Distributive/12/Attributes/dist_attr_001_B.png,29.759906768798828,31.35628318786621,30.55809497833252,1.5963764190673828,89.89530801773071
dist_attr_002,Distributive,12,Attributes,/content/drive/MyDrive/Trustworthy-AI-Final/Images_xl_base/Distributive/12/Attributes/dist_attr_002_A.png,/content/drive/MyDrive/Trustworthy-AI-Final/Images_xl_base/Distributive/12/Attributes/dist_attr_002_B.png,31.66605567932129,31.407142639160156,31.536599159240723,0.2589130401611328,96.59757018089294
dist_attr_003,Distributive,12,Attributes,/content/drive/MyDrive/Trustworthy-AI-Final/Images_xl_base/Distributive/12/Attributes/dist_attr_003_A.png,/content/drive/MyDrive/Trustworthy-AI-Final/Images_xl_base/Distributive/12/Attributes/dist_attr_003_B.png,34.81861877441406,37.086029052734375,35.95232391357422,2.2674102783203125,93.32632422447205
dist_attr_004,Distributive,12,Attributes,/content/drive/MyDrive/Trustworthy-AI-Final/Images_xl_base/Distributive/12/Attributes/dist_attr_004_A.png,/content/drive/MyDrive/Trustworthy-AI-Final/Images_xl_base/Distributive/12/Attributes/dist_attr_004_B.png,30.062406539916992,27.647451400756836,28.854928970336914,2.4149551391601562,89.97856378555298
dist_attr_005,Distributive,12,Attributes,/content/drive/MyDrive/Trustworthy-AI-Final/Images_xl_base/Distributive/12/Attributes/dist_attr_005_A.png,/content/drive/MyDrive/Trustworthy-AI-Final/Images_xl_base/Distributive/12/Attributes/dist_attr_005_B.png,33.564598083496094,37.270050048828125,35.41732406616211,3.7054519653320312,87.67871260643005
compl_conj_001,Complement,13,Conjunctive,/content/drive/MyDrive/Trustworthy-AI-Final/Images_xl_base/Complement/13/Conjunctive/compl_conj_001_A.png,/content/drive/MyDrive/Trustworthy-AI-Final/Images_xl_base/Complement/13/Conjunctive/compl_conj_001_B.png,37.084503173828125,31.592317581176758,34.33841037750244,5.492185592651367,63.239842653274536
compl_conj_002,Complement,13,Conjunctive,/content/drive/MyDrive/Trustworthy-AI-Final/Images_xl_base/Complement/13/Conjunctive/compl_conj_002_A.png,/content/drive/MyDrive/Trustworthy-AI-Final/Images_xl_base/Complement/13/Conjunctive/compl_conj_002_B.png,33.949493408203125,27.613513946533203,30.781503677368164,6.335979461669922,92.63177514076233
compl_conj_003,Complement,13,Conjunctive,/content/drive/MyDrive/Trustworthy-AI-Final/Images_xl_base/Complement/13/Conjunctive/compl_conj_003_A.png,/content/drive/MyDrive/Trustworthy-AI-Final/Images_xl_base/Complement/13/Conjunctive/compl_conj_003_B.png,35.08076095581055,32.87966537475586,33.9802131652832,2.2010955810546875,82.20586776733398
compl_conj_004,Complement,13,Conjunctive,/content/drive/MyDrive/Trustworthy-AI-Final/Images_xl_base/Complement/13/Conjunctive/compl_conj_004_A.png,/content/drive/MyDrive/Trustworthy-AI-Final/Images_xl_base/Complement/13/Conjunctive/compl_conj_004_B.png,33.83987045288086,30.322616577148438,32.08124351501465,3.517253875732422,91.87832474708557
compl_conj_005,Complement,13,Conjunctive,/content/drive/MyDrive/Trustworthy-AI-Final/Images_xl_base/Complement/13/Conjunctive/compl_conj_005_A.png,/content/drive/MyDrive/Trustworthy-AI-Final/Images_xl_base/Complement/13/Conjunctive/compl_conj_005_B.png,32.43059158325195,31.012392044067383,31.721491813659668,1.4181995391845703,88.51547241210938
compl_horiz_001,Complement,14,Horizontal,/content/drive/MyDrive/Trustworthy-AI-Final/Images_xl_base/Complement/14/Horizontal/compl_horiz_001_A.png,/content/drive/MyDrive/Trustworthy-AI-Final/Images_xl_base/Complement/14/Horizontal/compl_horiz_001_B.png,38.77711868286133,32.872962951660156,35.82504081726074,5.904155731201172,78.3079743385315
compl_horiz_002,Complement,14,Horizontal,/content/drive/MyDrive/Trustworthy-AI-Final/Images_xl_base/Complement/14/Horizontal/compl_horiz_002_A.png,/content/drive/MyDrive/Trustworthy-AI-Final/Images_xl_base/Complement/14/Horizontal/compl_horiz_002_B.png,35.357147216796875,32.87998580932617,34.11856651306152,2.477161407470703,73.93714785575867
compl_horiz_003,Complement,14,Horizontal,/content/drive/MyDrive/Trustworthy-AI-Final/Images_xl_base/Complement/14/Horizontal/compl_horiz_003_A.png,/content/drive/MyDrive/Trustworthy-AI-Final/Images_xl_base/Complement/14/Horizontal/compl_horiz_003_B.png,38.5704231262207,34.7933235168457,36.6818733215332,3.777099609375,82.66829252243042
compl_horiz_004,Complement,14,Horizontal,/content/drive/MyDrive/Trustworthy-AI-Final/Images_xl_base/Complement/14/Horizontal/compl_horiz_004_A.png,/content/drive/MyDrive/Trustworthy-AI-Final/Images_xl_base/Complement/14/Horizontal/compl_horiz_004_B.png,28.738779067993164,29.284133911132812,29.01145648956299,0.5453548431396484,69.39353942871094
compl_horiz_005,Complement,14,Horizontal,/content/drive/MyDrive/Trustworthy-AI-Final/Images_xl_base/Complement/14/Horizontal/compl_horiz_005_A.png,/content/drive/MyDrive/Trustworthy-AI-Final/Images_xl_base/Complement/14/Horizontal/compl_horiz_005_B.png,41.32270812988281,35.699371337890625,38.51103973388672,5.6233367919921875,75.20816922187805
compl_vert_001,Complement,15,Vertical,/content/drive/MyDrive/Trustworthy-AI-Final/Images_xl_base/Complement/15/Vertical/compl_vert_001_A.png,/content/drive/MyDrive/Trustworthy-AI-Final/Images_xl_base/Complement/15/Vertical/compl_vert_001_B.png,32.18191909790039,33.977813720703125,33.07986640930176,1.7958946228027344,71.74602746963501
compl_vert_002,Complement,15,Vertical,/content/drive/MyDrive/Trustworthy-AI-Final/Images_xl_base/Complement/15/Vertical/compl_vert_002_A.png,/content/drive/MyDrive/Trustworthy-AI-Final/Images_xl_base/Complement/15/Vertical/compl_vert_002_B.png,35.27272033691406,30.593780517578125,32.933250427246094,4.6789398193359375,67.93690919876099
compl_vert_003,Complement,15,Vertical,/content/drive/MyDrive/Trustworthy-AI-Final/Images_xl_base/Complement/15/Vertical/compl_vert_003_A.png,/content/drive/MyDrive/Trustworthy-AI-Final/Images_xl_base/Complement/15/Vertical/compl_vert_003_B.png,35.60169982910156,34.25785827636719,34.929779052734375,1.343841552734375,90.97654223442078
compl_vert_004,Complement,15,Vertical,/content/drive/MyDrive/Trustworthy-AI-Final/Images_xl_base/Complement/15/Vertical/compl_vert_004_A.png,/content/drive/MyDrive/Trustworthy-AI-Final/Images_xl_base/Complement/15/Vertical/compl_vert_004_B.png,33.40740966796875,37.16582489013672,35.286617279052734,3.7584152221679688,80.68671822547913
compl_vert_005,Complement,15,Vertical,/content/drive/MyDrive/Trustworthy-AI-Final/Images_xl_base/Complement/15/Vertical/compl_vert_005_A.png,/content/drive/MyDrive/Trustworthy-AI-Final/Images_xl_base/Complement/15/Vertical/compl_vert_005_B.png,37.87990188598633,38.71326446533203,38.29658317565918,0.8333625793457031,74.26880598068237
compl_attr_001,Complement,16,Attributes,/content/drive/MyDrive/Trustworthy-AI-Final/Images_xl_base/Complement/16/Attributes/compl_attr_001_A.png,/content/drive/MyDrive/Trustworthy-AI-Final/Images_xl_base/Complement/16/Attributes/compl_attr_001_B.png,35.43814468383789,31.753381729125977,33.595763206481934,3.684762954711914,89.04905915260315
compl_attr_002,Complement,16,Attributes,/content/drive/MyDrive/Trustworthy-AI-Final/Images_xl_base/Complement/16/Attributes/compl_attr_002_A.png,/content/drive/MyDrive/Trustworthy-AI-Final/Images_xl_base/Complement/16/Attributes/compl_attr_002_B.png,33.36090850830078,29.278051376342773,31.319479942321777,4.082857131958008,75.06687641143799
compl_attr_003,Complement,16,Attributes,/content/drive/MyDrive/Trustworthy-AI-Final/Images_xl_base/Complement/16/Attributes/compl_attr_003_A.png,/content/drive/MyDrive/Trustworthy-AI-Final/Images_xl_base/Complement/16/Attributes/compl_attr_003_B.png,35.95792007446289,31.526378631591797,33.742149353027344,4.431541442871094,76.33005976676941
compl_attr_004,Complement,16,Attributes,/content/drive/MyDrive/Trustworthy-AI-Final/Images_xl_base/Complement/16/Attributes/compl_attr_004_A.png,/content/drive/MyDrive/Trustworthy-AI-Final/Images_xl_base/Complement/16/Attributes/compl_attr_004_B.png,35.2297477722168,36.92979049682617,36.079769134521484,1.700042724609375,84.4170093536377
compl_attr_005,Complement,16,Attributes,/content/drive/MyDrive/Trustworthy-AI-Final/Images_xl_base/Complement/16/Attributes/compl_attr_005_A.png,/content/drive/MyDrive/Trustworthy-AI-Final/Images_xl_base/Complement/16/Attributes/compl_attr_005_B.png,33.65082550048828,31.734455108642578,32.69264030456543,1.9163703918457031,80.87153434753418
demorgan_conj_001,DeMorgan,17,Conjunctive,/content/drive/MyDrive/Trustworthy-AI-Final/Images_xl_base/DeMorgan/17/Conjunctive/demorgan_conj_001_A.png,/content/drive/MyDrive/Trustworthy-AI-Final/Images_xl_base/DeMorgan/17/Conjunctive/demorgan_conj_001_B.png,29.466026306152344,25.85936164855957,27.662693977355957,3.6066646575927734,56.79471492767334
demorgan_conj_002,DeMorgan,17,Conjunctive,/content/drive/MyDrive/Trustworthy-AI-Final/Images_xl_base/DeMorgan/17/Conjunctive/demorgan_conj_002_A.png,/content/drive/MyDrive/Trustworthy-AI-Final/Images_xl_base/DeMorgan/17/Conjunctive/demorgan_conj_002_B.png,33.48174285888672,28.154277801513672,30.818010330200195,5.327465057373047,91.05395078659058
demorgan_conj_003,DeMorgan,17,Conjunctive,/content/drive/MyDrive/Trustworthy-AI-Final/Images_xl_base/DeMorgan/17/Conjunctive/demorgan_conj_003_A.png,/content/drive/MyDrive/Trustworthy-AI-Final/Images_xl_base/DeMorgan/17/Conjunctive/demorgan_conj_003_B.png,36.622314453125,31.99679183959961,34.309553146362305,4.625522613525391,87.0272159576416
demorgan_conj_004,DeMorgan,17,Conjunctive,/content/drive/MyDrive/Trustworthy-AI-Final/Images_xl_base/DeMorgan/17/Conjunctive/demorgan_conj_004_A.png,/content/drive/MyDrive/Trustworthy-AI-Final/Images_xl_base/DeMorgan/17/Conjunctive/demorgan_conj_004_B.png,34.790977478027344,26.90340805053711,30.847192764282227,7.887569427490234,81.46057724952698
demorgan_conj_005,DeMorgan,17,Conjunctive,/content/drive/MyDrive/Trustworthy-AI-Final/Images_xl_base/DeMorgan/17/Conjunctive/demorgan_conj_005_A.png,/content/drive/MyDrive/Trustworthy-AI-Final/Images_xl_base/DeMorgan/17/Conjunctive/demorgan_conj_005_B.png,33.3845329284668,29.33935546875,31.3619441986084,4.045177459716797,73.73270988464355
demorgan_horiz_001,DeMorgan,18,Horizontal,/content/drive/MyDrive/Trustworthy-AI-Final/Images_xl_base/DeMorgan/18/Horizontal/demorgan_horiz_001_A.png,/content/drive/MyDrive/Trustworthy-AI-Final/Images_xl_base/DeMorgan/18/Horizontal/demorgan_horiz_001_B.png,36.33066177368164,31.101903915405273,33.71628284454346,5.228757858276367,77.90996432304382
demorgan_horiz_002,DeMorgan,18,Horizontal,/content/drive/MyDrive/Trustworthy-AI-Final/Images_xl_base/DeMorgan/18/Horizontal/demorgan_horiz_002_A.png,/content/drive/MyDrive/Trustworthy-AI-Final/Images_xl_base/DeMorgan/18/Horizontal/demorgan_horiz_002_B.png,34.63489532470703,30.317964553833008,32.47642993927002,4.316930770874023,91.2249207496643
demorgan_horiz_003,DeMorgan,18,Horizontal,/content/drive/MyDrive/Trustworthy-AI-Final/Images_xl_base/DeMorgan/18/Horizontal/demorgan_horiz_003_A.png,/content/drive/MyDrive/Trustworthy-AI-Final/Images_xl_base/DeMorgan/18/Horizontal/demorgan_horiz_003_B.png,35.846065521240234,29.75812530517578,32.80209541320801,6.087940216064453,71.67312502861023
demorgan_horiz_004,DeMorgan,18,Horizontal,/content/drive/MyDrive/Trustworthy-AI-Final/Images_xl_base/DeMorgan/18/Horizontal/demorgan_horiz_004_A.png,/content/drive/MyDrive/Trustworthy-AI-Final/Images_xl_base/DeMorgan/18/Horizontal/demorgan_horiz_004_B.png,29.992368698120117,32.08601379394531,31.039191246032715,2.0936450958251953,90.38454294204712
demorgan_horiz_005,DeMorgan,18,Horizontal,/content/drive/MyDrive/Trustworthy-AI-Final/Images_xl_base/DeMorgan/18/Horizontal/demorgan_horiz_005_A.png,/content/drive/MyDrive/Trustworthy-AI-Final/Images_xl_base/DeMorgan/18/Horizontal/demorgan_horiz_005_B.png,31.743022918701172,28.924047470092773,30.333535194396973,2.8189754486083984,92.22663640975952
demorgan_vert_001,DeMorgan,19,Vertical,/content/drive/MyDrive/Trustworthy-AI-Final/Images_xl_base/DeMorgan/19/Vertical/demorgan_vert_001_A.png,/content/drive/MyDrive/Trustworthy-AI-Final/Images_xl_base/DeMorgan/19/Vertical/demorgan_vert_001_B.png,30.154054641723633,28.697418212890625,29.42573642730713,1.4566364288330078,77.89816856384277
demorgan_vert_002,DeMorgan,19,Vertical,/content/drive/MyDrive/Trustworthy-AI-Final/Images_xl_base/DeMorgan/19/Vertical/demorgan_vert_002_A.png,/content/drive/MyDrive/Trustworthy-AI-Final/Images_xl_base/DeMorgan/19/Vertical/demorgan_vert_002_B.png,29.307025909423828,29.051790237426758,29.179408073425293,0.2552356719970703,66.48608446121216
demorgan_vert_003,DeMorgan,19,Vertical,/content/drive/MyDrive/Trustworthy-AI-Final/Images_xl_base/DeMorgan/19/Vertical/demorgan_vert_003_A.png,/content/drive/MyDrive/Trustworthy-AI-Final/Images_xl_base/DeMorgan/19/Vertical/demorgan_vert_003_B.png,31.066295623779297,31.441761016845703,31.2540283203125,0.37546539306640625,79.43670749664307
demorgan_vert_004,DeMorgan,19,Vertical,/content/drive/MyDrive/Trustworthy-AI-Final/Images_xl_base/DeMorgan/19/Vertical/demorgan_vert_004_A.png,/content/drive/MyDrive/Trustworthy-AI-Final/Images_xl_base/DeMorgan/19/Vertical/demorgan_vert_004_B.png,28.969228744506836,34.23260498046875,31.600916862487793,5.263376235961914,88.93700838088989
demorgan_vert_005,DeMorgan,19,Vertical,/content/drive/MyDrive/Trustworthy-AI-Final/Images_xl_base/DeMorgan/19/Vertical/demorgan_vert_005_A.png,/content/drive/MyDrive/Trustworthy-AI-Final/Images_xl_base/DeMorgan/19/Vertical/demorgan_vert_005_B.png,31.753185272216797,28.318639755249023,30.03591251373291,3.4345455169677734,87.20917701721191
demorgan_attr_001,DeMorgan,20,Attributes,/content/drive/MyDrive/Trustworthy-AI-Final/Images_xl_base/DeMorgan/20/Attributes/demorgan_attr_001_A.png,/content/drive/MyDrive/Trustworthy-AI-Final/Images_xl_base/DeMorgan/20/Attributes/demorgan_attr_001_B.png,35.53384017944336,32.31074905395508,33.92229461669922,3.2230911254882812,82.64670372009277
demorgan_attr_002,DeMorgan,20,Attributes,/content/drive/MyDrive/Trustworthy-AI-Final/Images_xl_base/DeMorgan/20/Attributes/demorgan_attr_002_A.png,/content/drive/MyDrive/Trustworthy-AI-Final/Images_xl_base/DeMorgan/20/Attributes/demorgan_attr_002_B.png,34.932212829589844,32.32728958129883,33.629751205444336,2.6049232482910156,77.01841592788696
demorgan_attr_003,DeMorgan,20,Attributes,/content/drive/MyDrive/Trustworthy-AI-Final/Images_xl_base/DeMorgan/20/Attributes/demorgan_attr_003_A.png,/content/drive/MyDrive/Trustworthy-AI-Final/Images_xl_base/DeMorgan/20/Attributes/demorgan_attr_003_B.png,30.681055068969727,33.84571838378906,32.263386726379395,3.164663314819336,79.2296051979065
demorgan_attr_004,DeMorgan,20,Attributes,/content/drive/MyDrive/Trustworthy-AI-Final/Images_xl_base/DeMorgan/20/Attributes/demorgan_attr_004_A.png,/content/drive/MyDrive/Trustworthy-AI-Final/Images_xl_base/DeMorgan/20/Attributes/demorgan_attr_004_B.png,24.27082061767578,38.11476135253906,31.192790985107422,13.843940734863281,70.89114189147949
demorgan_attr_005,DeMorgan,20,Attributes,/content/drive/MyDrive/Trustworthy-AI-Final/Images_xl_base/DeMorgan/20/Attributes/demorgan_attr_005_A.png,/content/drive/MyDrive/Trustworthy-AI-Final/Images_xl_base/DeMorgan/20/Attributes/demorgan_attr_005_B.png,38.09744644165039,31.813121795654297,34.955284118652344,6.284324645996094,73.45398664474487
